R1/R2 (inner/outer bubble)	R2prime/R2
0.000000000000000000e+00	0.000000000000000000e+00
