# time (yr)	beta	delta
0.000000000000000000e+00	8.299999999999999600e-01	-1.784999999999999920e-01
0.000000000000000000e+00	8.299999999999999600e-01	-1.784999999999999920e-01
